Instance type,Release Date,Instance vCPU,Platform Total Number of vCPU,Platform CPU Name,Instance Memory (in GB),Platform Memory (in GB),Storage Type,Platform Storage Drive Quantity,RAMWatt @ Idle,RAMWatt @ 10%,RAMWatt @ 50%,RAMWatt @ 100%,Delta Full Machine,Platform Additional Memory Scope 3 Emissions,Platform Additional Storage Scope 3 Emissions,Platform Additional GPU Scope 3 Emissions,Platform Additional CPU Scope 3 Emissions,Total Platform Scope 3 Emissions  (kgCO?eq),Instance Hourly Manufacturing Emissions (gCO?eq)
a1.medium,November 2018,1,16,Graviton,2.0,32.0,EBS,0,0.4,0.6,0.8,1.2,0.5,22.2,0.0,0.0,0.0,1022.2,1.8
a1.large,November 2018,2,16,Graviton,4.0,32.0,EBS,0,0.8,1.2,1.6,2.4,1.0,22.2,0.0,0.0,0.0,1022.2,3.7
a1.xlarge,November 2018,4,16,Graviton,8.0,32.0,EBS,0,1.6,2.4,3.2,4.8,2.0,22.2,0.0,0.0,0.0,1022.2,7.4
a1.2xlarge,November 2018,8,16,Graviton,16.0,32.0,EBS,0,3.2,4.8,6.4,9.6,4.0,22.2,0.0,0.0,0.0,1022.2,14.8
a1.4xlarge,November 2018,16,16,Graviton,32.0,32.0,EBS,0,6.4,9.6,12.8,19.2,8.0,22.2,0.0,0.0,0.0,1022.2,29.6
a1.metal,October 2019,16,16,Graviton,32.0,32.0,EBS,0,6.4,9.6,12.8,19.2,8.0,22.2,0.0,0.0,0.0,1022.2,29.6
c1.medium,May 2008,2,48,Xeon E5-2651 v2,1.7,42.0,SSD,4,0.34,0.51,0.68,1.02,1.6,36.1,400.0,0.0,100.0,1536.1,1.9
c1.xlarge,May 2008,8,48,Xeon E5-2651 v2,7.0,42.0,SSD,4,1.4,2.1,2.8,4.2,6.3,36.1,400.0,0.0,100.0,1536.1,7.4
cr1.8xlarge,January 2013,32,32,Xeon E5-2670,244.0,244.0,SSD,2,48.8,73.2,97.6,146.4,46.0,316.2,200.0,0.0,100.0,1616.2,46.8
cc2.8xlarge,November 2011,32,32,Xeon E5-2670,60.5,60.5,SSD,4,12.1,18.15,24.2,36.3,46.0,61.7,400.0,0.0,100.0,1561.7,45.2
c3.large,November 2013,2,40,Xeon E5-2680 v2,3.75,60.0,SSD,2,0.75,1.13,1.5,2.25,2.3,61.0,200.0,0.0,100.0,1361.0,2.0
c3.xlarge,November 2013,4,40,Xeon E5-2680 v2,7.5,60.0,SSD,2,1.5,2.25,3.0,4.5,4.6,61.0,200.0,0.0,100.0,1361.0,3.9
c3.2xlarge,November 2013,8,40,Xeon E5-2680 v2,15.0,60.0,SSD,2,3.0,4.5,6.0,9.0,9.2,61.0,200.0,0.0,100.0,1361.0,7.9
c3.4xlarge,November 2013,16,40,Xeon E5-2680 v2,30.0,60.0,SSD,2,6.0,9.0,12.0,18.0,18.4,61.0,200.0,0.0,100.0,1361.0,15.8
c3.8xlarge,November 2013,32,40,Xeon E5-2680 v2,60.0,60.0,SSD,2,12.0,18.0,24.0,36.0,36.8,61.0,200.0,0.0,100.0,1361.0,31.5
c4.large,January 2015,2,40,Xeon E5-2666 v3,3.75,60.0,EBS,0,0.75,1.13,1.5,2.25,2.7,61.0,0.0,0.0,100.0,1161.0,1.7
c4.xlarge,January 2015,4,40,Xeon E5-2666 v3,7.5,60.0,EBS,0,1.5,2.25,3.0,4.5,5.4,61.0,0.0,0.0,100.0,1161.0,3.4
c4.2xlarge,January 2015,8,40,Xeon E5-2666 v3,15.0,60.0,EBS,0,3.0,4.5,6.0,9.0,10.8,61.0,0.0,0.0,100.0,1161.0,6.7
c4.4xlarge,January 2015,16,40,Xeon E5-2666 v3,30.0,60.0,EBS,0,6.0,9.0,12.0,18.0,21.6,61.0,0.0,0.0,100.0,1161.0,13.4
c4.8xlarge,January 2015,36,40,Xeon E5-2666 v3,60.0,60.0,EBS,0,12.0,18.0,24.0,36.0,48.6,61.0,0.0,0.0,100.0,1161.0,30.2
c5a.large,June 2020,2,96,EPYC 7R32,4.0,192.0,EBS,0,0.8,1.2,1.6,2.4,1.2,244.1,0.0,0.0,0.0,1244.1,0.7
c5a.xlarge,June 2020,4,96,EPYC 7R32,8.0,192.0,EBS,0,1.6,2.4,3.2,4.8,2.3,244.1,0.0,0.0,0.0,1244.1,1.5
c5a.2xlarge,June 2020,8,96,EPYC 7R32,16.0,192.0,EBS,0,3.2,4.8,6.4,9.6,4.7,244.1,0.0,0.0,0.0,1244.1,3.0
c5a.4xlarge,June 2020,16,96,EPYC 7R32,32.0,192.0,EBS,0,6.4,9.6,12.8,19.2,9.3,244.1,0.0,0.0,0.0,1244.1,6.0
c5a.8xlarge,June 2020,32,96,EPYC 7R32,64.0,192.0,EBS,0,12.8,19.2,25.6,38.4,18.7,244.1,0.0,0.0,0.0,1244.1,12.0
c5a.12xlarge,June 2020,48,96,EPYC 7R32,96.0,192.0,EBS,0,19.2,28.8,38.4,57.6,28.0,244.1,0.0,0.0,0.0,1244.1,18.0
c5a.16xlarge,June 2020,64,96,EPYC 7R32,128.0,192.0,EBS,0,25.6,38.4,51.2,76.8,37.3,244.1,0.0,0.0,0.0,1244.1,24.0
c5a.24xlarge,June 2020,96,96,EPYC 7R32,192.0,192.0,EBS,0,38.4,57.6,76.8,115.2,56.0,244.1,0.0,0.0,0.0,1244.1,36.0
c5ad.large,August 2020,2,96,EPYC 7R32,4.0,192.0,SSD,2,0.8,1.2,1.6,2.4,1.2,244.1,200.0,0.0,0.0,1444.1,0.9
c5ad.xlarge,August 2020,4,96,EPYC 7R32,8.0,192.0,SSD,2,1.6,2.4,3.2,4.8,2.3,244.1,200.0,0.0,0.0,1444.1,1.7
c5ad.2xlarge,August 2020,8,96,EPYC 7R32,16.0,192.0,SSD,2,3.2,4.8,6.4,9.6,4.7,244.1,200.0,0.0,0.0,1444.1,3.5
c5ad.4xlarge,August 2020,16,96,EPYC 7R32,32.0,192.0,SSD,2,6.4,9.6,12.8,19.2,9.3,244.1,200.0,0.0,0.0,1444.1,7.0
c5ad.8xlarge,August 2020,32,96,EPYC 7R32,64.0,192.0,SSD,2,12.8,19.2,25.6,38.4,18.7,244.1,200.0,0.0,0.0,1444.1,13.9
c5ad.12xlarge,August 2020,48,96,EPYC 7R32,96.0,192.0,SSD,2,19.2,28.8,38.4,57.6,28.0,244.1,200.0,0.0,0.0,1444.1,20.9
c5ad.16xlarge,August 2020,64,96,EPYC 7R32,128.0,192.0,SSD,2,25.6,38.4,51.2,76.8,37.3,244.1,200.0,0.0,0.0,1444.1,27.9
c5ad.24xlarge,August 2020,96,96,EPYC 7R32,192.0,192.0,SSD,2,38.4,57.6,76.8,115.2,56.0,244.1,200.0,0.0,0.0,1444.1,41.8
c6g.medium,December 2019,1,64,Graviton2,2.0,128.0,EBS,0,0.4,0.6,0.8,1.2,0.5,155.3,0.0,0.0,0.0,1155.3,0.5
c6g.large,December 2019,2,64,Graviton2,4.0,128.0,EBS,0,0.8,1.2,1.6,2.4,0.9,155.3,0.0,0.0,0.0,1155.3,1.0
c6g.xlarge,December 2019,4,64,Graviton2,8.0,128.0,EBS,0,1.6,2.4,3.2,4.8,1.9,155.3,0.0,0.0,0.0,1155.3,2.1
c6g.2xlarge,December 2019,8,64,Graviton2,16.0,128.0,EBS,0,3.2,4.8,6.4,9.6,3.8,155.3,0.0,0.0,0.0,1155.3,4.2
c6g.4xlarge,December 2019,16,64,Graviton2,32.0,128.0,EBS,0,6.4,9.6,12.8,19.2,7.5,155.3,0.0,0.0,0.0,1155.3,8.4
c6g.8xlarge,December 2019,32,64,Graviton2,64.0,128.0,EBS,0,12.8,19.2,25.6,38.4,15.0,155.3,0.0,0.0,0.0,1155.3,16.7
c6g.12xlarge,December 2019,48,64,Graviton2,96.0,128.0,EBS,0,19.2,28.8,38.4,57.6,22.5,155.3,0.0,0.0,0.0,1155.3,25.1
c6g.16xlarge,December 2019,64,64,Graviton2,128.0,128.0,EBS,0,25.6,38.4,51.2,76.8,30.0,155.3,0.0,0.0,0.0,1155.3,33.4
c6g.metal,December 2019,64,64,Graviton2,128.0,128.0,EBS,0,25.6,38.4,51.2,76.8,30.0,155.3,0.0,0.0,0.0,1155.3,33.4
c6gd.medium,December 2019,1,64,Graviton2,2.0,128.0,SSD,2,0.4,0.6,0.8,1.2,0.5,155.3,200.0,0.0,0.0,1355.3,0.6
c6gd.large,December 2019,2,64,Graviton2,4.0,128.0,SSD,2,0.8,1.2,1.6,2.4,0.9,155.3,200.0,0.0,0.0,1355.3,1.2
c6gd.xlarge,December 2019,4,64,Graviton2,8.0,128.0,SSD,2,1.6,2.4,3.2,4.8,1.9,155.3,200.0,0.0,0.0,1355.3,2.5
c6gd.2xlarge,December 2019,8,64,Graviton2,16.0,128.0,SSD,2,3.2,4.8,6.4,9.6,3.8,155.3,200.0,0.0,0.0,1355.3,4.9
c6gd.4xlarge,December 2019,16,64,Graviton2,32.0,128.0,SSD,2,6.4,9.6,12.8,19.2,7.5,155.3,200.0,0.0,0.0,1355.3,9.8
c6gd.8xlarge,December 2019,32,64,Graviton2,64.0,128.0,SSD,2,12.8,19.2,25.6,38.4,15.0,155.3,200.0,0.0,0.0,1355.3,19.6
c6gd.12xlarge,December 2019,48,64,Graviton2,96.0,128.0,SSD,2,19.2,28.8,38.4,57.6,22.5,155.3,200.0,0.0,0.0,1355.3,29.4
c6gd.16xlarge,December 2019,64,64,Graviton2,128.0,128.0,SSD,2,25.6,38.4,51.2,76.8,30.0,155.3,200.0,0.0,0.0,1355.3,39.2
c6gd.metal,December 2019,64,64,Graviton2,128.0,128.0,SSD,2,25.6,38.4,51.2,76.8,30.0,155.3,200.0,0.0,0.0,1355.3,39.2
c6gn.medium,December 2019,1,64,Graviton2,2.0,128.0,EBS,0,0.4,0.6,0.8,1.2,0.5,155.3,0.0,0.0,0.0,1155.3,0.5
c6gn.large,December 2019,2,64,Graviton2,4.0,128.0,EBS,0,0.8,1.2,1.6,2.4,0.9,155.3,0.0,0.0,0.0,1155.3,1.0
c6gn.xlarge,December 2019,4,64,Graviton2,8.0,128.0,EBS,0,1.6,2.4,3.2,4.8,1.9,155.3,0.0,0.0,0.0,1155.3,2.1
c6gn.2xlarge,December 2019,8,64,Graviton2,16.0,128.0,EBS,0,3.2,4.8,6.4,9.6,3.8,155.3,0.0,0.0,0.0,1155.3,4.2
c6gn.4xlarge,December 2019,16,64,Graviton2,32.0,128.0,EBS,0,6.4,9.6,12.8,19.2,7.5,155.3,0.0,0.0,0.0,1155.3,8.4
c6gn.8xlarge,December 2019,32,64,Graviton2,64.0,128.0,EBS,0,12.8,19.2,25.6,38.4,15.0,155.3,0.0,0.0,0.0,1155.3,16.7
c6gn.12xlarge,December 2019,48,64,Graviton2,96.0,128.0,EBS,0,19.2,28.8,38.4,57.6,22.5,155.3,0.0,0.0,0.0,1155.3,25.1
c6gn.16xlarge,December 2019,64,64,Graviton2,128.0,128.0,EBS,0,25.6,38.4,51.2,76.8,30.0,155.3,0.0,0.0,0.0,1155.3,33.4
d2.xlarge,March 2015,4,48,Xeon E5-2676 v3,30.5,244.0,HDD,24,6.1,9.15,12.2,18.3,4.0,316.2,1200.0,0.0,100.0,2616.2,6.3
d2.2xlarge,March 2015,8,48,Xeon E5-2676 v3,61.0,244.0,HDD,24,12.2,18.3,24.4,36.6,8.0,316.2,1200.0,0.0,100.0,2616.2,12.6
d2.4xlarge,March 2015,16,48,Xeon E5-2676 v3,122.0,244.0,HDD,24,24.4,36.6,48.8,73.2,16.0,316.2,1200.0,0.0,100.0,2616.2,25.2
d2.8xlarge,March 2015,36,48,Xeon E5-2676 v3,244.0,244.0,HDD,24,48.8,73.2,97.6,146.4,36.0,316.2,1200.0,0.0,100.0,2616.2,56.8
dc2.large,October 2017,2,40,Xeon E5-2670 v2,15.0,244.0,SSD,4,3.0,4.5,6.0,9.0,2.3,316.2,400.0,0.0,100.0,1816.2,2.6
dc2.8xlarge,October 2017,32,40,Xeon E5-2670 v2,244.0,244.0,SSD,4,48.8,73.2,97.6,146.4,36.8,316.2,400.0,0.0,100.0,1816.2,42.0
ds2.xlarge,June 2015,4,48,Xeon E5-2676 v3,31.0,244.0,HDD,8,6.2,9.3,12.4,18.6,4.0,316.2,400.0,0.0,100.0,1816.2,4.4
ds2.8xlarge,June 2015,36,48,Xeon E5-2676 v3,244.0,244.0,HDD,8,48.8,73.2,97.6,146.4,36.0,316.2,400.0,0.0,100.0,1816.2,39.4
f1.2xlarge,November 2016,8,72,Xeon E5-2686 v4,122.0,976.0,SSD,4,24.4,36.6,48.8,73.2,6.4,1331.4,400.0,0.0,100.0,2831.4,9.1
f1.4xlarge,November 2016,16,72,Xeon E5-2686 v4,244.0,976.0,SSD,4,48.8,73.2,97.6,146.4,12.9,1331.4,400.0,0.0,100.0,2831.4,18.2
f1.16xlarge,November 2016,64,72,Xeon E5-2686 v4,976.0,976.0,SSD,4,195.2,292.8,390.4,585.6,51.6,1331.4,400.0,0.0,100.0,2831.4,72.8
g2.2xlarge,November 2013,8,32,Xeon E5-2670,15.0,60.0,SSD,2,3.0,4.5,6.0,9.0,11.5,61.0,200.0,600.0,100.0,1961.0,14.2
g2.8xlarge,April 2015,32,32,Xeon E5-2670,60.0,60.0,SSD,2,12.0,18.0,24.0,36.0,46.0,61.0,200.0,600.0,100.0,1961.0,56.7
g3s.xlarge,October 2018,4,72,Xeon E5-2686 v4,30.5,488.0,EBS,0,6.1,9.15,12.2,18.3,3.2,654.6,0.0,600.0,100.0,2354.6,3.8
g3.4xlarge,July 2017,16,72,Xeon E5-2686 v4,122.0,488.0,EBS,0,24.4,36.6,48.8,73.2,12.9,654.6,0.0,600.0,100.0,2354.6,15.1
g3.8xlarge,July 2017,32,72,Xeon E5-2686 v4,244.0,488.0,EBS,0,48.8,73.2,97.6,146.4,25.8,654.6,0.0,600.0,100.0,2354.6,30.3
g3.16xlarge,July 2017,64,72,Xeon E5-2686 v4,488.0,488.0,EBS,0,97.6,146.4,195.2,292.8,51.6,654.6,0.0,600.0,100.0,2354.6,60.6
g4ad.4xlarge,March 2019,16,96,EPYC 7R32,64.0,384.0,SSD,2,12.8,19.2,25.6,38.4,9.3,510.4,200.0,600.0,0.0,2310.4,11.1
g4ad.8xlarge,March 2019,32,96,EPYC 7R32,128.0,384.0,SSD,2,25.6,38.4,51.2,76.8,18.7,510.4,200.0,600.0,0.0,2310.4,22.3
g4ad.16xlarge,March 2019,64,96,EPYC 7R32,256.0,384.0,SSD,2,51.2,76.8,102.4,153.6,37.3,510.4,200.0,600.0,0.0,2310.4,44.6
h1.2xlarge,November 2017,8,72,Xeon E5-2686 v4,32.0,256.0,HDD,24,6.4,9.6,12.8,19.2,6.4,332.9,1200.0,0.0,100.0,2632.9,8.5
h1.4xlarge,November 2017,16,72,Xeon E5-2686 v4,64.0,256.0,HDD,24,12.8,19.2,25.6,38.4,12.9,332.9,1200.0,0.0,100.0,2632.9,16.9
h1.8xlarge,November 2017,32,72,Xeon E5-2686 v4,128.0,256.0,HDD,24,25.6,38.4,51.2,76.8,25.8,332.9,1200.0,0.0,100.0,2632.9,33.9
h1.16xlarge,November 2017,64,72,Xeon E5-2686 v4,256.0,256.0,HDD,24,51.2,76.8,102.4,153.6,51.6,332.9,1200.0,0.0,100.0,2632.9,67.7
hs1.8xlarge,December 2012,16,32,Xeon E5-2670,117.0,244.0,HDD,24,23.4,35.1,46.8,70.2,23.0,316.2,1200.0,0.0,100.0,2616.2,37.9
i2.xlarge,December 2013,4,40,Xeon E5-2670 v2,30.5,244.0,SSD,8,6.1,9.15,12.2,18.3,4.6,316.2,800.0,0.0,100.0,2216.2,6.4
i2.2xlarge,December 2013,8,40,Xeon E5-2670 v2,61.0,244.0,SSD,8,12.2,18.3,24.4,36.6,9.2,316.2,800.0,0.0,100.0,2216.2,12.8
i2.4xlarge,December 2013,16,40,Xeon E5-2670 v2,122.0,244.0,SSD,8,24.4,36.6,48.8,73.2,18.4,316.2,800.0,0.0,100.0,2216.2,25.7
i2.8xlarge,December 2013,32,40,Xeon E5-2670 v2,244.0,244.0,SSD,8,48.8,73.2,97.6,146.4,36.8,316.2,800.0,0.0,100.0,2216.2,51.3
i3.large,November 2016,2,72,Xeon E5-2686 v4,15.25,512.0,SSD,8,3.05,4.58,6.1,9.15,1.6,687.9,800.0,0.0,100.0,2587.9,2.1
i3.xlarge,November 2016,4,72,Xeon E5-2686 v4,30.5,512.0,SSD,8,6.1,9.15,12.2,18.3,3.2,687.9,800.0,0.0,100.0,2587.9,4.2
i3.2xlarge,November 2016,8,72,Xeon E5-2686 v4,61.0,512.0,SSD,8,12.2,18.3,24.4,36.6,6.4,687.9,800.0,0.0,100.0,2587.9,8.3
i3.4xlarge,November 2016,16,72,Xeon E5-2686 v4,122.0,512.0,SSD,8,24.4,36.6,48.8,73.2,12.9,687.9,800.0,0.0,100.0,2587.9,16.6
i3.8xlarge,November 2016,32,72,Xeon E5-2686 v4,244.0,512.0,SSD,8,48.8,73.2,97.6,146.4,25.8,687.9,800.0,0.0,100.0,2587.9,33.3
i3.16xlarge,November 2016,64,72,Xeon E5-2686 v4,488.0,512.0,SSD,8,97.6,146.4,195.2,292.8,51.6,687.9,800.0,0.0,100.0,2587.9,66.6
i3.metal,November 2017,72,72,Xeon E5-2686 v4,512.0,512.0,SSD,8,102.4,153.6,204.8,307.2,58.0,687.9,800.0,0.0,100.0,2587.9,74.9
m1.small,August 2006,1,32,Xeon E5-2650,1.7,120.0,SSD,4,0.34,0.51,0.68,1.02,1.2,144.2,400.0,0.0,100.0,1644.2,1.5
m1.medium,March 2012,1,32,Xeon E5-2650,3.75,120.0,SSD,4,0.75,1.13,1.5,2.25,1.2,144.2,400.0,0.0,100.0,1644.2,1.5
m1.large,October 2007,2,32,Xeon E5-2650,7.5,120.0,SSD,4,1.5,2.25,3.0,4.5,2.4,144.2,400.0,0.0,100.0,1644.2,3.0
m1.xlarge,October 2007,4,32,Xeon E5-2650,15.0,120.0,SSD,4,3.0,4.5,6.0,9.0,4.8,144.2,400.0,0.0,100.0,1644.2,5.9
m2.xlarge,February 2010,2,32,Xeon E5-2665,17.1,280.0,SSD,2,3.42,5.13,6.84,10.26,2.9,366.1,200.0,0.0,100.0,1666.1,3.0
m2.2xlarge,October 2009,4,32,Xeon E5-2665,34.2,280.0,SSD,2,6.84,10.26,13.68,20.52,5.8,366.1,200.0,0.0,100.0,1666.1,6.0
m2.4xlarge,October 2009,8,32,Xeon E5-2665,68.4,280.0,SSD,2,13.68,20.52,27.36,41.04,11.5,366.1,200.0,0.0,100.0,1666.1,12.1
m3.medium,January 2014,1,32,Xeon E5-2670,3.75,240.0,SSD,2,0.75,1.13,1.5,2.25,1.4,310.7,200.0,0.0,100.0,1610.7,1.5
m3.large,January 2014,2,32,Xeon E5-2670,7.5,240.0,SSD,2,1.5,2.25,3.0,4.5,2.9,310.7,200.0,0.0,100.0,1610.7,2.9
m3.xlarge,October 2012,4,32,Xeon E5-2670,15.0,240.0,SSD,2,3.0,4.5,6.0,9.0,5.8,310.7,200.0,0.0,100.0,1610.7,5.8
m3.2xlarge,October 2012,8,32,Xeon E5-2670,30.0,240.0,SSD,2,6.0,9.0,12.0,18.0,11.5,310.7,200.0,0.0,100.0,1610.7,11.7
m4.large,June 2015,2,72,Xeon E5-2686 v4,8.0,256.0,EBS,0,1.6,2.4,3.2,4.8,1.6,332.9,0.0,0.0,100.0,1432.9,1.2
m4.xlarge,June 2015,4,72,Xeon E5-2686 v4,16.0,256.0,EBS,0,3.2,4.8,6.4,9.6,3.2,332.9,0.0,0.0,100.0,1432.9,2.3
m4.2xlarge,June 2015,8,72,Xeon E5-2686 v4,32.0,256.0,EBS,0,6.4,9.6,12.8,19.2,6.4,332.9,0.0,0.0,100.0,1432.9,4.6
m4.4xlarge,June 2015,16,72,Xeon E5-2686 v4,64.0,256.0,EBS,0,12.8,19.2,25.6,38.4,12.9,332.9,0.0,0.0,100.0,1432.9,9.2
m4.10xlarge,June 2015,40,48,Xeon E5-2676 v3,160.0,256.0,EBS,0,32.0,48.0,64.0,96.0,40.0,332.9,0.0,0.0,100.0,1432.9,34.5
m4.16xlarge,September 2016,64,72,Xeon E5-2686 v4,256.0,256.0,EBS,0,51.2,76.8,102.4,153.6,51.6,332.9,0.0,0.0,100.0,1432.9,36.9
m5a.large,November 2018,2,96,EPYC 7571,8.0,384.0,EBS,0,1.6,2.4,3.2,4.8,1.7,510.4,0.0,0.0,100.0,1610.4,1.0
m5a.xlarge,November 2018,4,96,EPYC 7571,16.0,384.0,EBS,0,3.2,4.8,6.4,9.6,3.3,510.4,0.0,0.0,100.0,1610.4,1.9
m5a.2xlarge,November 2018,8,96,EPYC 7571,32.0,384.0,EBS,0,6.4,9.6,12.8,19.2,6.7,510.4,0.0,0.0,100.0,1610.4,3.9
m5a.4xlarge,November 2018,16,96,EPYC 7571,64.0,384.0,EBS,0,12.8,19.2,25.6,38.4,13.3,510.4,0.0,0.0,100.0,1610.4,7.8
m5a.8xlarge,June 2019,32,96,EPYC 7571,128.0,384.0,EBS,0,25.6,38.4,51.2,76.8,26.7,510.4,0.0,0.0,100.0,1610.4,15.5
m5a.12xlarge,November 2018,48,96,EPYC 7571,192.0,384.0,EBS,0,38.4,57.6,76.8,115.2,40.0,510.4,0.0,0.0,100.0,1610.4,23.3
m5a.16xlarge,June 2019,64,96,EPYC 7571,256.0,384.0,EBS,0,51.2,76.8,102.4,153.6,53.3,510.4,0.0,0.0,100.0,1610.4,31.1
m5a.24xlarge,November 2018,96,96,EPYC 7571,384.0,384.0,EBS,0,76.8,115.2,153.6,230.4,80.0,510.4,0.0,0.0,100.0,1610.4,46.6
m5ad.large,March 2019,2,96,EPYC 7571,8.0,384.0,SSD,4,1.6,2.4,3.2,4.8,1.7,510.4,400.0,0.0,100.0,2010.4,1.2
m5ad.xlarge,March 2019,4,96,EPYC 7571,16.0,384.0,SSD,4,3.2,4.8,6.4,9.6,3.3,510.4,400.0,0.0,100.0,2010.4,2.4
m5ad.2xlarge,March 2019,8,96,EPYC 7571,32.0,384.0,SSD,4,6.4,9.6,12.8,19.2,6.7,510.4,400.0,0.0,100.0,2010.4,4.8
m5ad.4xlarge,March 2019,16,96,EPYC 7571,64.0,384.0,SSD,4,12.8,19.2,25.6,38.4,13.3,510.4,400.0,0.0,100.0,2010.4,9.7
m5ad.8xlarge,March 2019,32,96,EPYC 7571,128.0,384.0,SSD,4,25.6,38.4,51.2,76.8,26.7,510.4,400.0,0.0,100.0,2010.4,19.4
m5ad.12xlarge,March 2019,48,96,EPYC 7571,192.0,384.0,SSD,4,38.4,57.6,76.8,115.2,40.0,510.4,400.0,0.0,100.0,2010.4,29.1
m5ad.16xlarge,March 2019,64,96,EPYC 7571,256.0,384.0,SSD,4,51.2,76.8,102.4,153.6,53.3,510.4,400.0,0.0,100.0,2010.4,38.8
m5ad.24xlarge,March 2019,96,96,EPYC 7571,384.0,384.0,SSD,4,76.8,115.2,153.6,230.4,80.0,510.4,400.0,0.0,100.0,2010.4,58.2
m6g.medium,December 2019,1,64,Graviton2,4.0,256.0,EBS,0,0.8,1.2,1.6,2.4,0.5,332.9,0.0,0.0,0.0,1332.9,0.6
m6g.large,December 2019,2,64,Graviton2,8.0,256.0,EBS,0,1.6,2.4,3.2,4.8,0.9,332.9,0.0,0.0,0.0,1332.9,1.2
m6g.xlarge,December 2019,4,64,Graviton2,16.0,256.0,EBS,0,3.2,4.8,6.4,9.6,1.9,332.9,0.0,0.0,0.0,1332.9,2.4
m6g.2xlarge,December 2019,8,64,Graviton2,32.0,256.0,EBS,0,6.4,9.6,12.8,19.2,3.8,332.9,0.0,0.0,0.0,1332.9,4.8
m6g.4xlarge,December 2019,16,64,Graviton2,64.0,256.0,EBS,0,12.8,19.2,25.6,38.4,7.5,332.9,0.0,0.0,0.0,1332.9,9.6
m6g.8xlarge,December 2019,32,64,Graviton2,128.0,256.0,EBS,0,25.6,38.4,51.2,76.8,15.0,332.9,0.0,0.0,0.0,1332.9,19.3
m6g.12xlarge,December 2019,48,64,Graviton2,192.0,256.0,EBS,0,38.4,57.6,76.8,115.2,22.5,332.9,0.0,0.0,0.0,1332.9,28.9
m6g.16xlarge,December 2019,64,64,Graviton2,256.0,256.0,EBS,0,51.2,76.8,102.4,153.6,30.0,332.9,0.0,0.0,0.0,1332.9,38.6
m6g.metal,December 2019,64,64,Graviton2,256.0,256.0,EBS,0,51.2,76.8,102.4,153.6,30.0,332.9,0.0,0.0,0.0,1332.9,38.6
m6gd.medium,December 2019,1,64,Graviton2,4.0,256.0,SSD,2,0.8,1.2,1.6,2.4,0.5,332.9,200.0,0.0,0.0,1532.9,0.7
m6gd.large,December 2019,2,64,Graviton2,8.0,256.0,SSD,2,1.6,2.4,3.2,4.8,0.9,332.9,200.0,0.0,0.0,1532.9,1.4
m6gd.xlarge,December 2019,4,64,Graviton2,16.0,256.0,SSD,2,3.2,4.8,6.4,9.6,1.9,332.9,200.0,0.0,0.0,1532.9,2.8
m6gd.2xlarge,December 2019,8,64,Graviton2,32.0,256.0,SSD,2,6.4,9.6,12.8,19.2,3.8,332.9,200.0,0.0,0.0,1532.9,5.5
m6gd.4xlarge,December 2019,16,64,Graviton2,64.0,256.0,SSD,2,12.8,19.2,25.6,38.4,7.5,332.9,200.0,0.0,0.0,1532.9,11.1
m6gd.8xlarge,December 2019,32,64,Graviton2,128.0,256.0,SSD,2,25.6,38.4,51.2,76.8,15.0,332.9,200.0,0.0,0.0,1532.9,22.2
m6gd.12xlarge,December 2019,48,64,Graviton2,192.0,256.0,SSD,2,38.4,57.6,76.8,115.2,22.5,332.9,200.0,0.0,0.0,1532.9,33.3
m6gd.16xlarge,December 2019,64,64,Graviton2,256.0,256.0,SSD,2,51.2,76.8,102.4,153.6,30.0,332.9,200.0,0.0,0.0,1532.9,44.4
m6gd.metal,December 2019,64,64,Graviton2,256.0,256.0,SSD,2,51.2,76.8,102.4,153.6,30.0,332.9,200.0,0.0,0.0,1532.9,44.4
m6i.large,August 2021,2,128,Xeon Platinum 8375C,8.0,512.0,EBS,0,1.6,2.4,3.2,4.8,1.9,687.9,0.0,0.0,100.0,1787.9,0.8
m6i.xlarge,August 2021,4,128,Xeon Platinum 8375C,16.0,512.0,EBS,0,3.2,4.8,6.4,9.6,3.8,687.9,0.0,0.0,100.0,1787.9,1.6
m6i.2xlarge,August 2021,8,128,Xeon Platinum 8375C,32.0,512.0,EBS,0,6.4,9.6,12.8,19.2,7.5,687.9,0.0,0.0,100.0,1787.9,3.2
m6i.4xlarge,August 2021,16,128,Xeon Platinum 8375C,64.0,512.0,EBS,0,12.8,19.2,25.6,38.4,15.0,687.9,0.0,0.0,100.0,1787.9,6.5
m6i.8xlarge,August 2021,32,128,Xeon Platinum 8375C,128.0,512.0,EBS,0,25.6,38.4,51.2,76.8,30.0,687.9,0.0,0.0,100.0,1787.9,12.9
m6i.12xlarge,August 2021,48,128,Xeon Platinum 8375C,192.0,512.0,EBS,0,38.4,57.6,76.8,115.2,45.0,687.9,0.0,0.0,100.0,1787.9,19.4
m6i.16xlarge,August 2021,64,128,Xeon Platinum 8375C,256.0,512.0,EBS,0,51.2,76.8,102.4,153.6,60.0,687.9,0.0,0.0,100.0,1787.9,25.9
m6i.24xlarge,August 2021,96,128,Xeon Platinum 8375C,384.0,512.0,EBS,0,76.8,115.2,153.6,230.4,90.0,687.9,0.0,0.0,100.0,1787.9,38.8
m6i.32xlarge,August 2021,128,128,Xeon Platinum 8375C,512.0,512.0,EBS,0,102.4,153.6,204.8,307.2,120.0,687.9,0.0,0.0,100.0,1787.9,51.7
mac1.metal,November 2020,12,12,Core i7-8700B,32.0,32.0,EBS,0,6.4,9.6,12.8,19.2,13.0,22.2,0.0,0.0,0.0,1022.2,29.6
p2.xlarge,September 2016,4,72,Xeon E5-2686 v4,61.0,732.0,EBS,0,12.2,18.3,24.4,36.6,3.2,993.0,0.0,2400.0,100.0,4493.0,7.2
p2.8xlarge,September 2016,32,72,Xeon E5-2686 v4,488.0,732.0,EBS,0,97.6,146.4,195.2,292.8,25.8,993.0,0.0,2400.0,100.0,4493.0,57.8
p2.16xlarge,September 2016,64,72,Xeon E5-2686 v4,732.0,732.0,EBS,0,146.4,219.6,292.8,439.2,51.6,993.0,0.0,2400.0,100.0,4493.0,115.6
p3.2xlarge,October 2017,8,72,Xeon E5-2686 v4,61.0,768.0,SSD,2,12.2,18.3,24.4,36.6,6.4,1042.9,200.0,1200.0,100.0,3542.9,11.4
p3.8xlarge,October 2017,32,72,Xeon E5-2686 v4,244.0,768.0,SSD,2,48.8,73.2,97.6,146.4,25.8,1042.9,200.0,1200.0,100.0,3542.9,45.6
p3.16xlarge,October 2017,64,72,Xeon E5-2686 v4,488.0,768.0,SSD,2,97.6,146.4,195.2,292.8,51.6,1042.9,200.0,1200.0,100.0,3542.9,91.1
ra3.4xlarge,December 2019,12,48,Xeon E5-2676 v3,96.0,384.0,RMS,10,19.2,28.8,38.4,57.6,12.0,510.4,500.0,0.0,100.0,2110.4,15.3
ra3.16xlarge,December 2019,48,48,Xeon E5-2676 v3,384.0,384.0,RMS,10,76.8,115.2,153.6,230.4,48.0,510.4,500.0,0.0,100.0,2110.4,61.1
r3.large,April 2014,2,40,Xeon E5-2670 v2,15.25,244.0,SSD,2,3.05,4.58,6.1,9.15,2.3,316.2,200.0,0.0,100.0,1616.2,2.3
r3.xlarge,April 2014,4,40,Xeon E5-2670 v2,30.5,244.0,SSD,2,6.1,9.15,12.2,18.3,4.6,316.2,200.0,0.0,100.0,1616.2,4.7
r3.2xlarge,April 2014,8,40,Xeon E5-2670 v2,61.0,244.0,SSD,2,12.2,18.3,24.4,36.6,9.2,316.2,200.0,0.0,100.0,1616.2,9.4
r3.4xlarge,April 2014,16,40,Xeon E5-2670 v2,122.0,244.0,SSD,2,24.4,36.6,48.8,73.2,18.4,316.2,200.0,0.0,100.0,1616.2,18.7
r3.8xlarge,April 2014,32,40,Xeon E5-2670 v2,244.0,244.0,SSD,2,48.8,73.2,97.6,146.4,36.8,316.2,200.0,0.0,100.0,1616.2,37.4
r4.large,November 2016,2,72,Xeon E5-2686 v4,15.25,488.0,EBS,0,3.05,4.58,6.1,9.15,1.6,654.6,0.0,0.0,100.0,1754.6,1.4
r4.xlarge,November 2016,4,72,Xeon E5-2686 v4,30.5,488.0,EBS,0,6.1,9.15,12.2,18.3,3.2,654.6,0.0,0.0,100.0,1754.6,2.8
r4.2xlarge,November 2016,8,72,Xeon E5-2686 v4,61.0,488.0,EBS,0,12.2,18.3,24.4,36.6,6.4,654.6,0.0,0.0,100.0,1754.6,5.6
r4.4xlarge,November 2016,16,72,Xeon E5-2686 v4,122.0,488.0,EBS,0,24.4,36.6,48.8,73.2,12.9,654.6,0.0,0.0,100.0,1754.6,11.3
r4.8xlarge,November 2016,32,72,Xeon E5-2686 v4,244.0,488.0,EBS,0,48.8,73.2,97.6,146.4,25.8,654.6,0.0,0.0,100.0,1754.6,22.6
r4.16xlarge,November 2016,64,72,Xeon E5-2686 v4,488.0,488.0,EBS,0,97.6,146.4,195.2,292.8,51.6,654.6,0.0,0.0,100.0,1754.6,45.1
r5a.large,November 2018,2,96,EPYC 7571,16.0,768.0,EBS,0,3.2,4.8,6.4,9.6,1.7,1042.9,0.0,0.0,100.0,2142.9,1.3
r5a.xlarge,November 2018,4,96,EPYC 7571,32.0,768.0,EBS,0,6.4,9.6,12.8,19.2,3.3,1042.9,0.0,0.0,100.0,2142.9,2.6
r5a.2xlarge,November 2018,8,96,EPYC 7571,64.0,768.0,EBS,0,12.8,19.2,25.6,38.4,6.7,1042.9,0.0,0.0,100.0,2142.9,5.2
r5a.4xlarge,November 2018,16,96,EPYC 7571,128.0,768.0,EBS,0,25.6,38.4,51.2,76.8,13.3,1042.9,0.0,0.0,100.0,2142.9,10.3
r5a.8xlarge,June 2019,32,96,EPYC 7571,256.0,768.0,EBS,0,51.2,76.8,102.4,153.6,26.7,1042.9,0.0,0.0,100.0,2142.9,20.7
r5a.12xlarge,November 2018,48,96,EPYC 7571,384.0,768.0,EBS,0,76.8,115.2,153.6,230.4,40.0,1042.9,0.0,0.0,100.0,2142.9,31.0
r5a.16xlarge,June 2019,64,96,EPYC 7571,512.0,768.0,EBS,0,102.4,153.6,204.8,307.2,53.3,1042.9,0.0,0.0,100.0,2142.9,41.3
r5a.24xlarge,November 2018,96,96,EPYC 7571,768.0,768.0,EBS,0,153.6,230.4,307.2,460.8,80.0,1042.9,0.0,0.0,100.0,2142.9,62.0
r5ad.large,March 2019,2,96,EPYC 7571,16.0,768.0,SSD,4,3.2,4.8,6.4,9.6,1.7,1042.9,400.0,0.0,100.0,2542.9,1.5
r5ad.xlarge,March 2019,4,96,EPYC 7571,32.0,768.0,SSD,4,6.4,9.6,12.8,19.2,3.3,1042.9,400.0,0.0,100.0,2542.9,3.1
r5ad.2xlarge,March 2019,8,96,EPYC 7571,64.0,768.0,SSD,4,12.8,19.2,25.6,38.4,6.7,1042.9,400.0,0.0,100.0,2542.9,6.1
r5ad.4xlarge,March 2019,16,96,EPYC 7571,128.0,768.0,SSD,4,25.6,38.4,51.2,76.8,13.3,1042.9,400.0,0.0,100.0,2542.9,12.3
r5ad.8xlarge,March 2019,32,96,EPYC 7571,256.0,768.0,SSD,4,51.2,76.8,102.4,153.6,26.7,1042.9,400.0,0.0,100.0,2542.9,24.5
r5ad.12xlarge,March 2019,48,96,EPYC 7571,384.0,768.0,SSD,4,76.8,115.2,153.6,230.4,40.0,1042.9,400.0,0.0,100.0,2542.9,36.8
r5ad.16xlarge,March 2019,64,96,EPYC 7571,512.0,768.0,SSD,4,102.4,153.6,204.8,307.2,53.3,1042.9,400.0,0.0,100.0,2542.9,49.1
r5ad.24xlarge,March 2019,96,96,EPYC 7571,768.0,768.0,SSD,4,153.6,230.4,307.2,460.8,80.0,1042.9,400.0,0.0,100.0,2542.9,73.6
r6g.medium,December 2019,1,64,Graviton2,8.0,512.0,EBS,0,1.6,2.4,3.2,4.8,0.5,687.9,0.0,0.0,0.0,1687.9,0.8
r6g.large,December 2019,2,64,Graviton2,16.0,512.0,EBS,0,3.2,4.8,6.4,9.6,0.9,687.9,0.0,0.0,0.0,1687.9,1.5
r6g.xlarge,December 2019,4,64,Graviton2,32.0,512.0,EBS,0,6.4,9.6,12.8,19.2,1.9,687.9,0.0,0.0,0.0,1687.9,3.1
r6g.2xlarge,December 2019,8,64,Graviton2,64.0,512.0,EBS,0,12.8,19.2,25.6,38.4,3.8,687.9,0.0,0.0,0.0,1687.9,6.1
r6g.4xlarge,December 2019,16,64,Graviton2,128.0,512.0,EBS,0,25.6,38.4,51.2,76.8,7.5,687.9,0.0,0.0,0.0,1687.9,12.2
r6g.8xlarge,December 2019,32,64,Graviton2,256.0,512.0,EBS,0,51.2,76.8,102.4,153.6,15.0,687.9,0.0,0.0,0.0,1687.9,24.4
r6g.12xlarge,December 2019,48,64,Graviton2,384.0,512.0,EBS,0,76.8,115.2,153.6,230.4,22.5,687.9,0.0,0.0,0.0,1687.9,36.6
r6g.16xlarge,December 2019,64,64,Graviton2,512.0,512.0,EBS,0,102.4,153.6,204.8,307.2,30.0,687.9,0.0,0.0,0.0,1687.9,48.8
r6g.metal,December 2019,64,64,Graviton2,512.0,512.0,EBS,0,102.4,153.6,204.8,307.2,30.0,687.9,0.0,0.0,0.0,1687.9,48.8
r6gd.medium,December 2019,1,64,Graviton2,8.0,512.0,SSD,2,1.6,2.4,3.2,4.8,0.5,687.9,200.0,0.0,0.0,1887.9,0.9
r6gd.large,December 2019,2,64,Graviton2,16.0,512.0,SSD,2,3.2,4.8,6.4,9.6,0.9,687.9,200.0,0.0,0.0,1887.9,1.7
r6gd.xlarge,December 2019,4,64,Graviton2,32.0,512.0,SSD,2,6.4,9.6,12.8,19.2,1.9,687.9,200.0,0.0,0.0,1887.9,3.4
r6gd.2xlarge,December 2019,8,64,Graviton2,64.0,512.0,SSD,2,12.8,19.2,25.6,38.4,3.8,687.9,200.0,0.0,0.0,1887.9,6.8
r6gd.4xlarge,December 2019,16,64,Graviton2,128.0,512.0,SSD,2,25.6,38.4,51.2,76.8,7.5,687.9,200.0,0.0,0.0,1887.9,13.7
r6gd.8xlarge,December 2019,32,64,Graviton2,256.0,512.0,SSD,2,51.2,76.8,102.4,153.6,15.0,687.9,200.0,0.0,0.0,1887.9,27.3
r6gd.12xlarge,December 2019,48,64,Graviton2,384.0,512.0,SSD,2,76.8,115.2,153.6,230.4,22.5,687.9,200.0,0.0,0.0,1887.9,41.0
r6gd.16xlarge,December 2019,64,64,Graviton2,512.0,512.0,SSD,2,102.4,153.6,204.8,307.2,30.0,687.9,200.0,0.0,0.0,1887.9,54.6
r6gd.metal,December 2019,64,64,Graviton2,512.0,512.0,SSD,2,102.4,153.6,204.8,307.2,30.0,687.9,200.0,0.0,0.0,1887.9,54.6
t1.micro,September 2010,1,32,Xeon E5-2670,0.613,144.0,EBS,0,0.12,0.18,0.25,0.37,1.4,177.5,0.0,0.0,100.0,1277.5,1.2
t2.nano,December 2015,1,48,Xeon E5-2676 v3,0.5,288.0,EBS,0,0.1,0.15,0.2,0.3,1.0,377.2,0.0,0.0,100.0,1477.2,0.9
t2.micro,July 2014,1,48,Xeon E5-2676 v3,1.0,288.0,EBS,0,0.2,0.3,0.4,0.6,1.0,377.2,0.0,0.0,100.0,1477.2,0.9
t2.small,July 2014,1,48,Xeon E5-2676 v3,2.0,288.0,EBS,0,0.4,0.6,0.8,1.2,1.0,377.2,0.0,0.0,100.0,1477.2,0.9
t2.medium,July 2014,2,48,Xeon E5-2676 v3,4.0,288.0,EBS,0,0.8,1.2,1.6,2.4,2.0,377.2,0.0,0.0,100.0,1477.2,1.8
t2.large,June 2015,2,72,Xeon E5-2686 v4,8.0,288.0,EBS,0,1.6,2.4,3.2,4.8,1.6,377.2,0.0,0.0,100.0,1477.2,1.2
t2.xlarge,November 2016,4,72,Xeon E5-2686 v4,16.0,288.0,EBS,0,3.2,4.8,6.4,9.6,3.2,377.2,0.0,0.0,100.0,1477.2,2.4
t2.2xlarge,November 2016,8,72,Xeon E5-2686 v4,32.0,288.0,EBS,0,6.4,9.6,12.8,19.2,6.4,377.2,0.0,0.0,100.0,1477.2,4.7
t3a.nano,April 2019,2,96,EPYC 7571,0.5,384.0,EBS,0,0.1,0.15,0.2,0.3,1.7,510.4,0.0,0.0,100.0,1610.4,1.0
t3a.micro,April 2019,2,96,EPYC 7571,1.0,384.0,EBS,0,0.2,0.3,0.4,0.6,1.7,510.4,0.0,0.0,100.0,1610.4,1.0
t3a.small,April 2019,2,96,EPYC 7571,2.0,384.0,EBS,0,0.4,0.6,0.8,1.2,1.7,510.4,0.0,0.0,100.0,1610.4,1.0
t3a.medium,April 2019,2,96,EPYC 7571,4.0,384.0,EBS,0,0.8,1.2,1.6,2.4,1.7,510.4,0.0,0.0,100.0,1610.4,1.0
t3a.large,April 2019,2,96,EPYC 7571,8.0,384.0,EBS,0,1.6,2.4,3.2,4.8,1.7,510.4,0.0,0.0,100.0,1610.4,1.0
t3a.xlarge,April 2019,4,96,EPYC 7571,16.0,384.0,EBS,0,3.2,4.8,6.4,9.6,3.3,510.4,0.0,0.0,100.0,1610.4,1.9
t3a.2xlarge,April 2019,8,96,EPYC 7571,32.0,384.0,EBS,0,6.4,9.6,12.8,19.2,6.7,510.4,0.0,0.0,100.0,1610.4,3.9
t4g.nano,September 2020,2,64,Graviton2,0.5,256.0,EBS,0,0.1,0.15,0.2,0.3,0.9,332.9,0.0,0.0,0.0,1332.9,1.2
t4g.micro,September 2020,2,64,Graviton2,1.0,256.0,EBS,0,0.2,0.3,0.4,0.6,0.9,332.9,0.0,0.0,0.0,1332.9,1.2
t4g.small,September 2020,2,64,Graviton2,2.0,256.0,EBS,0,0.4,0.6,0.8,1.2,0.9,332.9,0.0,0.0,0.0,1332.9,1.2
t4g.medium,September 2020,2,64,Graviton2,4.0,256.0,EBS,0,0.8,1.2,1.6,2.4,0.9,332.9,0.0,0.0,0.0,1332.9,1.2
t4g.large,September 2020,2,64,Graviton2,8.0,256.0,EBS,0,1.6,2.4,3.2,4.8,0.9,332.9,0.0,0.0,0.0,1332.9,1.2
t4g.xlarge,September 2020,4,64,Graviton2,16.0,256.0,EBS,0,3.2,4.8,6.4,9.6,1.9,332.9,0.0,0.0,0.0,1332.9,2.4
t4g.2xlarge,September 2020,8,64,Graviton2,32.0,256.0,EBS,0,6.4,9.6,12.8,19.2,3.8,332.9,0.0,0.0,0.0,1332.9,4.8
u-6tb1.metal,September 2018,448,448,Xeon Platinum 8176M,6144.0,24576.0,EBS,0,1228.8,1843.2,2457.6,3686.4,264.0,34062.3,0.0,0.0,700.0,35762.3,258.7
u-9tb1.metal,September 2018,448,448,Xeon Platinum 8176M,9216.0,24576.0,EBS,0,1843.2,2764.8,3686.4,5529.6,264.0,34062.3,0.0,0.0,700.0,35762.3,388.0
u-12tb1.metal,September 2018,448,448,Xeon Platinum 8176M,12288.0,24576.0,EBS,0,2457.6,3686.4,4915.2,7372.8,264.0,34062.3,0.0,0.0,700.0,35762.3,517.4
u-18tb1.metal,May 2019,448,448,Xeon Platinum 8176M,18432.0,24576.0,EBS,0,3686.4,5529.6,7372.8,11059.2,264.0,34062.3,0.0,0.0,700.0,35762.3,776.1
u-24tb1.metal,May 2019,448,448,Xeon Platinum 8176M,24576.0,24576.0,EBS,0,4915.2,7372.8,9830.4,14745.6,264.0,34062.3,0.0,0.0,700.0,35762.3,1034.8
x1.16xlarge,October 2016,64,128,Xeon E7-8880 v3,976.0,1952.0,SSD,2,195.2,292.8,390.4,585.6,60.0,2685.0,200.0,0.0,300.0,4185.0,60.5
x1.32xlarge,May 2016,128,128,Xeon E7-8880 v3,1952.0,1952.0,SSD,2,390.4,585.6,780.8,1171.2,120.0,2685.0,200.0,0.0,300.0,4185.0,121.1
x1e.xlarge,November 2017,4,128,Xeon E7-8880 v3,122.0,3904.0,SSD,2,24.4,36.6,48.8,73.2,3.8,5392.3,200.0,0.0,300.0,6892.3,6.2
x1e.2xlarge,November 2017,8,128,Xeon E7-8880 v3,244.0,3904.0,SSD,2,48.8,73.2,97.6,146.4,7.5,5392.3,200.0,0.0,300.0,6892.3,12.5
x1e.4xlarge,November 2017,16,128,Xeon E7-8880 v3,488.0,3904.0,SSD,2,97.6,146.4,195.2,292.8,15.0,5392.3,200.0,0.0,300.0,6892.3,24.9
x1e.8xlarge,November 2017,32,128,Xeon E7-8880 v3,976.0,3904.0,SSD,2,195.2,292.8,390.4,585.6,30.0,5392.3,200.0,0.0,300.0,6892.3,49.9
x1e.16xlarge,November 2017,64,128,Xeon E7-8880 v3,1952.0,3904.0,SSD,2,390.4,585.6,780.8,1171.2,60.0,5392.3,200.0,0.0,300.0,6892.3,99.7
x1e.32xlarge,September 2017,128,128,Xeon E7-8880 v3,3904.0,3904.0,SSD,2,780.8,1171.2,1561.6,2342.4,120.0,5392.3,200.0,0.0,300.0,6892.3,199.4
x2gd.medium,March 2021,1,64,Graviton2,16.0,1024.0,SSD,2,3.2,4.8,6.4,9.6,0.5,1398.0,200.0,0.0,0.0,2598.0,1.2
x2gd.large,March 2021,2,64,Graviton2,32.0,1024.0,SSD,2,6.4,9.6,12.8,19.2,0.9,1398.0,200.0,0.0,0.0,2598.0,2.3
x2gd.xlarge,March 2021,4,64,Graviton2,64.0,1024.0,SSD,2,12.8,19.2,25.6,38.4,1.9,1398.0,200.0,0.0,0.0,2598.0,4.7
x2gd.2xlarge,March 2021,8,64,Graviton2,128.0,1024.0,SSD,2,25.6,38.4,51.2,76.8,3.8,1398.0,200.0,0.0,0.0,2598.0,9.4
x2gd.4xlarge,March 2021,16,64,Graviton2,256.0,1024.0,SSD,2,51.2,76.8,102.4,153.6,7.5,1398.0,200.0,0.0,0.0,2598.0,18.8
x2gd.8xlarge,March 2021,32,64,Graviton2,512.0,1024.0,SSD,2,102.4,153.6,204.8,307.2,15.0,1398.0,200.0,0.0,0.0,2598.0,37.6
x2gd.12xlarge,March 2021,48,64,Graviton2,768.0,1024.0,SSD,2,153.6,230.4,307.2,460.8,22.5,1398.0,200.0,0.0,0.0,2598.0,56.4
x2gd.16xlarge,March 2021,64,64,Graviton2,1024.0,1024.0,SSD,2,204.8,307.2,409.6,614.4,30.0,1398.0,200.0,0.0,0.0,2598.0,75.2
x2gd.metal,March 2021,64,64,Graviton2,1024.0,1024.0,SSD,2,204.8,307.2,409.6,614.4,30.0,1398.0,200.0,0.0,0.0,2598.0,75.2
cache.t2.micro,July 2014,1,48,Xeon E5-2676 v3,0.555,288.0,EBS,0,0.11,0.17,0.22,0.33,1.0,377.2,0.0,0.0,100.0,1477.2,0.9
cache.t2.small,July 2014,1,48,Xeon E5-2676 v3,1.55,288.0,EBS,0,0.31,0.47,0.62,0.93,1.0,377.2,0.0,0.0,100.0,1477.2,0.9
cache.t2.medium,July 2014,2,48,Xeon E5-2676 v3,3.22,288.0,EBS,0,0.64,0.97,1.29,1.93,2.0,377.2,0.0,0.0,100.0,1477.2,1.8
cache.m3.medium,January 2014,1,32,Xeon E5-2670,3.75,384.0,SSD,1,0.75,1.13,1.5,2.25,1.4,510.4,100.0,0.0,100.0,1710.4,1.5
cache.m4.large,June 2015,2,72,Xeon E5-2686 v4,6.42,256.0,EBS,0,1.28,1.93,2.57,3.85,1.6,332.9,0.0,0.0,100.0,1432.9,1.2
cache.m4.xlarge,June 2015,4,72,Xeon E5-2686 v4,14.28,256.0,EBS,0,2.86,4.28,5.71,8.57,3.2,332.9,0.0,0.0,100.0,1432.9,2.3
cache.m4.2xlarge,June 2015,8,72,Xeon E5-2686 v4,29.7,256.0,EBS,0,5.94,8.91,11.88,17.82,6.4,332.9,0.0,0.0,100.0,1432.9,4.6
cache.m4.4xlarge,June 2015,16,72,Xeon E5-2686 v4,60.78,256.0,EBS,0,12.16,18.23,24.31,36.47,12.9,332.9,0.0,0.0,100.0,1432.9,9.2
cache.m4.10xlarge,June 2015,40,48,Xeon E5-2676 v3,154.64,256.0,EBS,0,30.93,46.39,61.86,92.78,40.0,332.9,0.0,0.0,100.0,1432.9,34.5
cache.m6g.large,December 2019,2,64,Graviton2,8.0,256.0,EBS,0,1.6,2.4,3.2,4.8,0.9,332.9,0.0,0.0,0.0,1332.9,1.2
cache.m6g.xlarge,December 2019,4,64,Graviton2,16.0,256.0,EBS,0,3.2,4.8,6.4,9.6,1.9,332.9,0.0,0.0,0.0,1332.9,2.4
cache.m6g.2xlarge,December 2019,8,64,Graviton2,32.0,256.0,EBS,0,6.4,9.6,12.8,19.2,3.8,332.9,0.0,0.0,0.0,1332.9,4.8
cache.m6g.4xlarge,December 2019,16,64,Graviton2,64.0,256.0,EBS,0,12.8,19.2,25.6,38.4,7.5,332.9,0.0,0.0,0.0,1332.9,9.6
cache.m6g.8xlarge,December 2019,32,64,Graviton2,128.0,256.0,EBS,0,25.6,38.4,51.2,76.8,15.0,332.9,0.0,0.0,0.0,1332.9,19.3
cache.m6g.12xlarge,December 2019,48,64,Graviton2,192.0,256.0,EBS,0,38.4,57.6,76.8,115.2,22.5,332.9,0.0,0.0,0.0,1332.9,28.9
cache.m6g.16xlarge,December 2019,64,64,Graviton2,256.0,256.0,EBS,0,51.2,76.8,102.4,153.6,30.0,332.9,0.0,0.0,0.0,1332.9,38.6
cache.r3.2xlarge,April 2014,8,40,Xeon E5-2670 v2,61.0,244.0,SSD,1,12.2,18.3,24.4,36.6,9.2,316.2,100.0,0.0,100.0,1516.2,8.8
cache.r4.large,November 2016,2,72,Xeon E5-2686 v4,12.3,488.0,EBS,0,2.46,3.69,4.92,7.38,1.6,654.6,0.0,0.0,100.0,1754.6,1.4
cache.r4.xlarge,November 2016,4,72,Xeon E5-2686 v4,25.05,488.0,EBS,0,5.01,7.52,10.02,15.03,3.2,654.6,0.0,0.0,100.0,1754.6,2.8
cache.r4.2xlarge,November 2016,8,72,Xeon E5-2686 v4,50.47,488.0,EBS,0,10.09,15.14,20.19,30.28,6.4,654.6,0.0,0.0,100.0,1754.6,5.6
cache.r4.4xlarge,November 2016,16,72,Xeon E5-2686 v4,101.38,488.0,EBS,0,20.28,30.41,40.55,60.83,12.9,654.6,0.0,0.0,100.0,1754.6,11.3
cache.r4.8xlarge,November 2016,32,72,Xeon E5-2686 v4,203.26,488.0,EBS,0,40.65,60.98,81.3,121.96,25.8,654.6,0.0,0.0,100.0,1754.6,22.6
cache.r4.16xlarge,November 2016,64,72,Xeon E5-2686 v4,407.0,488.0,EBS,0,81.4,122.1,162.8,244.2,51.6,654.6,0.0,0.0,100.0,1754.6,45.1
cache.r6g.large,December 2019,2,64,Graviton2,16.0,512.0,EBS,0,3.2,4.8,6.4,9.6,0.9,687.9,0.0,0.0,0.0,1687.9,1.5
cache.r6g.xlarge,December 2019,4,64,Graviton2,32.0,512.0,EBS,0,6.4,9.6,12.8,19.2,1.9,687.9,0.0,0.0,0.0,1687.9,3.1
cache.r6g.2xlarge,December 2019,8,64,Graviton2,64.0,512.0,EBS,0,12.8,19.2,25.6,38.4,3.8,687.9,0.0,0.0,0.0,1687.9,6.1
cache.r6g.4xlarge,December 2019,16,64,Graviton2,128.0,512.0,EBS,0,25.6,38.4,51.2,76.8,7.5,687.9,0.0,0.0,0.0,1687.9,12.2
cache.r6g.8xlarge,December 2019,32,64,Graviton2,256.0,512.0,EBS,0,51.2,76.8,102.4,153.6,15.0,687.9,0.0,0.0,0.0,1687.9,24.4
cache.r6g.12xlarge,December 2019,48,64,Graviton2,384.0,512.0,EBS,0,76.8,115.2,153.6,230.4,22.5,687.9,0.0,0.0,0.0,1687.9,36.6
cache.r6g.16xlarge,December 2019,64,64,Graviton2,512.0,512.0,EBS,0,102.4,153.6,204.8,307.2,30.0,687.9,0.0,0.0,0.0,1687.9,48.8
t2.micro.elasticsearch,July 2014,1,48,Xeon E5-2676 v3,1.0,288.0,EBS,0,0.2,0.3,0.4,0.6,1.0,377.2,0.0,0.0,100.0,1477.2,0.9
t2.small.elasticsearch,July 2014,1,48,Xeon E5-2676 v3,2.0,288.0,EBS,0,0.4,0.6,0.8,1.2,1.0,377.2,0.0,0.0,100.0,1477.2,0.9
t2.medium.elasticsearch,July 2014,2,48,Xeon E5-2676 v3,4.0,288.0,EBS,0,0.8,1.2,1.6,2.4,2.0,377.2,0.0,0.0,100.0,1477.2,1.8
m4.large.elasticsearch,June 2015,2,72,Xeon E5-2686 v4,8.0,256.0,EBS,0,1.6,2.4,3.2,4.8,1.6,332.9,0.0,0.0,100.0,1432.9,1.2
m4.xlarge.elasticsearch,June 2015,4,72,Xeon E5-2686 v4,16.0,256.0,EBS,0,3.2,4.8,6.4,9.6,3.2,332.9,0.0,0.0,100.0,1432.9,2.3
m4.2xlarge.elasticsearch,June 2015,8,72,Xeon E5-2686 v4,32.0,256.0,EBS,0,6.4,9.6,12.8,19.2,6.4,332.9,0.0,0.0,100.0,1432.9,4.6
m4.4xlarge.elasticsearch,June 2015,16,72,Xeon E5-2686 v4,64.0,256.0,EBS,0,12.8,19.2,25.6,38.4,12.9,332.9,0.0,0.0,100.0,1432.9,9.2
m4.10xlarge.elasticsearch,June 2015,40,48,Xeon E5-2676 v3,160.0,256.0,EBS,0,32.0,48.0,64.0,96.0,40.0,332.9,0.0,0.0,100.0,1432.9,34.5
m3.medium.elasticsearch,January 2014,1,32,Xeon E5-2670,3.75,240.0,SSD,2,0.75,1.13,1.5,2.25,1.4,310.7,200.0,0.0,100.0,1610.7,1.5
m3.large.elasticsearch,January 2014,2,32,Xeon E5-2670,7.5,240.0,SSD,2,1.5,2.25,3.0,4.5,2.9,310.7,200.0,0.0,100.0,1610.7,2.9
m3.xlarge.elasticsearch,October 2012,4,32,Xeon E5-2670,15.0,240.0,SSD,2,3.0,4.5,6.0,9.0,5.8,310.7,200.0,0.0,100.0,1610.7,5.8
m3.2xlarge.elasticsearch,October 2012,8,32,Xeon E5-2670,30.0,240.0,SSD,2,6.0,9.0,12.0,18.0,11.5,310.7,200.0,0.0,100.0,1610.7,11.7
c4.large.elasticsearch,January 2015,2,40,Xeon E5-2666 v3,3.75,60.0,EBS,0,0.75,1.13,1.5,2.25,2.7,61.0,0.0,0.0,100.0,1161.0,1.7
c4.xlarge.elasticsearch,January 2015,4,40,Xeon E5-2666 v3,7.5,60.0,EBS,0,1.5,2.25,3.0,4.5,5.4,61.0,0.0,0.0,100.0,1161.0,3.4
c4.2xlarge.elasticsearch,January 2015,8,40,Xeon E5-2666 v3,15.0,60.0,EBS,0,3.0,4.5,6.0,9.0,10.8,61.0,0.0,0.0,100.0,1161.0,6.7
c4.4xlarge.elasticsearch,January 2015,16,40,Xeon E5-2666 v3,30.0,60.0,EBS,0,6.0,9.0,12.0,18.0,21.6,61.0,0.0,0.0,100.0,1161.0,13.4
c4.8xlarge.elasticsearch,January 2015,36,40,Xeon E5-2666 v3,60.0,60.0,EBS,0,12.0,18.0,24.0,36.0,48.6,61.0,0.0,0.0,100.0,1161.0,30.2
r4.large.elasticsearch,November 2016,2,72,Xeon E5-2686 v4,15.25,488.0,EBS,0,3.05,4.58,6.1,9.15,1.6,654.6,0.0,0.0,100.0,1754.6,1.4
r4.xlarge.elasticsearch,November 2016,4,72,Xeon E5-2686 v4,30.5,488.0,EBS,0,6.1,9.15,12.2,18.3,3.2,654.6,0.0,0.0,100.0,1754.6,2.8
r4.2xlarge.elasticsearch,November 2016,8,72,Xeon E5-2686 v4,61.0,488.0,EBS,0,12.2,18.3,24.4,36.6,6.4,654.6,0.0,0.0,100.0,1754.6,5.6
r4.4xlarge.elasticsearch,November 2016,16,72,Xeon E5-2686 v4,122.0,488.0,EBS,0,24.4,36.6,48.8,73.2,12.9,654.6,0.0,0.0,100.0,1754.6,11.3
r4.8xlarge.elasticsearch,November 2016,32,72,Xeon E5-2686 v4,244.0,488.0,EBS,0,48.8,73.2,97.6,146.4,25.8,654.6,0.0,0.0,100.0,1754.6,22.6
r4.16xlarge.elasticsearch,November 2016,64,72,Xeon E5-2686 v4,488.0,488.0,EBS,0,97.6,146.4,195.2,292.8,51.6,654.6,0.0,0.0,100.0,1754.6,45.1
r3.large.elasticsearch,April 2014,2,40,Xeon E5-2670 v2,15.25,244.0,SSD,2,3.05,4.58,6.1,9.15,2.3,316.2,200.0,0.0,100.0,1616.2,2.3
r3.xlarge.elasticsearch,April 2014,4,40,Xeon E5-2670 v2,30.5,244.0,SSD,2,6.1,9.15,12.2,18.3,4.6,316.2,200.0,0.0,100.0,1616.2,4.7
r3.2xlarge.elasticsearch,April 2014,8,40,Xeon E5-2670 v2,61.0,244.0,SSD,2,12.2,18.3,24.4,36.6,9.2,316.2,200.0,0.0,100.0,1616.2,9.4
r3.4xlarge.elasticsearch,April 2014,16,40,Xeon E5-2670 v2,122.0,244.0,SSD,2,24.4,36.6,48.8,73.2,18.4,316.2,200.0,0.0,100.0,1616.2,18.7
r3.8xlarge.elasticsearch,April 2014,32,40,Xeon E5-2670 v2,244.0,244.0,SSD,2,48.8,73.2,97.6,146.4,36.8,316.2,200.0,0.0,100.0,1616.2,37.4
i3.large.elasticsearch,November 2016,2,72,Xeon E5-2686 v4,15.25,512.0,SSD,8,3.05,4.58,6.1,9.15,1.6,687.9,800.0,0.0,100.0,2587.9,2.1
i3.xlarge.elasticsearch,November 2016,4,72,Xeon E5-2686 v4,30.5,512.0,SSD,8,6.1,9.15,12.2,18.3,3.2,687.9,800.0,0.0,100.0,2587.9,4.2
i3.2xlarge.elasticsearch,November 2016,8,72,Xeon E5-2686 v4,61.0,512.0,SSD,8,12.2,18.3,24.4,36.6,6.4,687.9,800.0,0.0,100.0,2587.9,8.3
i3.4xlarge.elasticsearch,November 2016,16,72,Xeon E5-2686 v4,122.0,512.0,SSD,8,24.4,36.6,48.8,73.2,12.9,687.9,800.0,0.0,100.0,2587.9,16.6
i3.8xlarge.elasticsearch,November 2016,32,72,Xeon E5-2686 v4,244.0,512.0,SSD,8,48.8,73.2,97.6,146.4,25.8,687.9,800.0,0.0,100.0,2587.9,33.3
i3.16xlarge.elasticsearch,November 2016,64,72,Xeon E5-2686 v4,488.0,512.0,SSD,8,97.6,146.4,195.2,292.8,51.6,687.9,800.0,0.0,100.0,2587.9,66.6
i2.xlarge.elasticsearch,December 2013,4,40,Xeon E5-2670 v2,30.5,244.0,SSD,2,6.1,9.15,12.2,18.3,4.6,316.2,200.0,0.0,100.0,1616.2,4.7
i2.2xlarge.elasticsearch,December 2013,8,40,Xeon E5-2670 v2,61.0,244.0,SSD,2,12.2,18.3,24.4,36.6,9.2,316.2,200.0,0.0,100.0,1616.2,9.4
m6g.large.elasticsearch,December 2019,2,64,Graviton2,8.0,256.0,EBS,0,1.6,2.4,3.2,4.8,0.9,332.9,0.0,0.0,0.0,1332.9,1.2
m6g.xlarge.elasticsearch,December 2019,4,64,Graviton2,16.0,256.0,EBS,0,3.2,4.8,6.4,9.6,1.9,332.9,0.0,0.0,0.0,1332.9,2.4
m6g.2xlarge.elasticsearch,December 2019,8,64,Graviton2,32.0,256.0,EBS,0,6.4,9.6,12.8,19.2,3.8,332.9,0.0,0.0,0.0,1332.9,4.8
m6g.4xlarge.elasticsearch,December 2019,16,64,Graviton2,64.0,256.0,EBS,0,12.8,19.2,25.6,38.4,7.5,332.9,0.0,0.0,0.0,1332.9,9.6
m6g.8xlarge.elasticsearch,December 2019,32,64,Graviton2,128.0,256.0,EBS,0,25.6,38.4,51.2,76.8,15.0,332.9,0.0,0.0,0.0,1332.9,19.3
m6g.12xlarge.elasticsearch,December 2019,48,64,Graviton2,192.0,256.0,EBS,0,38.4,57.6,76.8,115.2,22.5,332.9,0.0,0.0,0.0,1332.9,28.9
c6g.large.elasticsearch,December 2019,2,64,Graviton2,4.0,128.0,EBS,0,0.8,1.2,1.6,2.4,0.9,155.3,0.0,0.0,0.0,1155.3,1.0
c6g.xlarge.elasticsearch,December 2019,4,64,Graviton2,8.0,128.0,EBS,0,1.6,2.4,3.2,4.8,1.9,155.3,0.0,0.0,0.0,1155.3,2.1
c6g.2xlarge.elasticsearch,December 2019,8,64,Graviton2,16.0,128.0,EBS,0,3.2,4.8,6.4,9.6,3.8,155.3,0.0,0.0,0.0,1155.3,4.2
c6g.4xlarge.elasticsearch,December 2019,16,64,Graviton2,32.0,128.0,EBS,0,6.4,9.6,12.8,19.2,7.5,155.3,0.0,0.0,0.0,1155.3,8.4
c6g.8xlarge.elasticsearch,December 2019,32,64,Graviton2,64.0,128.0,EBS,0,12.8,19.2,25.6,38.4,15.0,155.3,0.0,0.0,0.0,1155.3,16.7
c6g.12xlarge.elasticsearch,December 2019,48,64,Graviton2,96.0,128.0,EBS,0,19.2,28.8,38.4,57.6,22.5,155.3,0.0,0.0,0.0,1155.3,25.1
r6g.large.elasticsearch,December 2019,2,64,Graviton2,16.0,512.0,EBS,0,3.2,4.8,6.4,9.6,0.9,687.9,0.0,0.0,0.0,1687.9,1.5
r6g.xlarge.elasticsearch,December 2019,4,64,Graviton2,32.0,512.0,EBS,0,6.4,9.6,12.8,19.2,1.9,687.9,0.0,0.0,0.0,1687.9,3.1
r6g.2xlarge.elasticsearch,December 2019,8,64,Graviton2,64.0,512.0,EBS,0,12.8,19.2,25.6,38.4,3.8,687.9,0.0,0.0,0.0,1687.9,6.1
r6g.4xlarge.elasticsearch,December 2019,16,64,Graviton2,128.0,512.0,EBS,0,25.6,38.4,51.2,76.8,7.5,687.9,0.0,0.0,0.0,1687.9,12.2
r6g.8xlarge.elasticsearch,December 2019,32,64,Graviton2,256.0,512.0,EBS,0,51.2,76.8,102.4,153.6,15.0,687.9,0.0,0.0,0.0,1687.9,24.4
r6g.12xlarge.elasticsearch,December 2019,48,64,Graviton2,384.0,512.0,EBS,0,76.8,115.2,153.6,230.4,22.5,687.9,0.0,0.0,0.0,1687.9,36.6
r6gd.large.elasticsearch,December 2019,2,64,Graviton2,16.0,512.0,SSD,2,3.2,4.8,6.4,9.6,0.9,687.9,200.0,0.0,0.0,1887.9,1.7
r6gd.xlarge.elasticsearch,December 2019,4,64,Graviton2,32.0,512.0,SSD,2,6.4,9.6,12.8,19.2,1.9,687.9,200.0,0.0,0.0,1887.9,3.4
r6gd.2xlarge.elasticsearch,December 2019,8,64,Graviton2,64.0,512.0,SSD,2,12.8,19.2,25.6,38.4,3.8,687.9,200.0,0.0,0.0,1887.9,6.8
r6gd.4xlarge.elasticsearch,December 2019,16,64,Graviton2,128.0,512.0,SSD,2,25.6,38.4,51.2,76.8,7.5,687.9,200.0,0.0,0.0,1887.9,13.7
r6gd.8xlarge.elasticsearch,December 2019,32,64,Graviton2,256.0,512.0,SSD,2,51.2,76.8,102.4,153.6,15.0,687.9,200.0,0.0,0.0,1887.9,27.3
r6gd.12xlarge.elasticsearch,December 2019,48,64,Graviton2,384.0,512.0,SSD,2,76.8,115.2,153.6,230.4,22.5,687.9,200.0,0.0,0.0,1887.9,41.0
r6gd.16xlarge.elasticsearch,December 2019,64,64,Graviton2,512.0,512.0,SSD,2,102.4,153.6,204.8,307.2,30.0,687.9,200.0,0.0,0.0,1887.9,54.6
db.m6g.large,December 2019,2,64,Graviton2,8.0,256.0,EBS,0,1.6,2.4,3.2,4.8,0.9,332.9,0.0,0.0,0.0,1332.9,1.2
db.m6g.xlarge,December 2019,4,64,Graviton2,16.0,256.0,EBS,0,3.2,4.8,6.4,9.6,1.9,332.9,0.0,0.0,0.0,1332.9,2.4
db.m6g.2xlarge,December 2019,8,64,Graviton2,32.0,256.0,EBS,0,6.4,9.6,12.8,19.2,3.8,332.9,0.0,0.0,0.0,1332.9,4.8
db.m6g.4xlarge,December 2019,16,64,Graviton2,64.0,256.0,EBS,0,12.8,19.2,25.6,38.4,7.5,332.9,0.0,0.0,0.0,1332.9,9.6
db.m6g.8xlarge,December 2019,32,64,Graviton2,128.0,256.0,EBS,0,25.6,38.4,51.2,76.8,15.0,332.9,0.0,0.0,0.0,1332.9,19.3
db.m6g.12xlarge,December 2019,48,64,Graviton2,192.0,256.0,EBS,0,38.4,57.6,76.8,115.2,22.5,332.9,0.0,0.0,0.0,1332.9,28.9
db.m6g.16xlarge,December 2019,64,64,Graviton2,256.0,256.0,EBS,0,51.2,76.8,102.4,153.6,30.0,332.9,0.0,0.0,0.0,1332.9,38.6
db.m4.large,June 2015,2,72,Xeon E5-2686 v4,8.0,256.0,EBS,0,1.6,2.4,3.2,4.8,1.6,332.9,0.0,0.0,100.0,1432.9,1.2
db.m4.xlarge,June 2015,4,72,Xeon E5-2686 v4,16.0,256.0,EBS,0,3.2,4.8,6.4,9.6,3.2,332.9,0.0,0.0,100.0,1432.9,2.3
db.m4.2xlarge,June 2015,8,72,Xeon E5-2686 v4,32.0,256.0,EBS,0,6.4,9.6,12.8,19.2,6.4,332.9,0.0,0.0,100.0,1432.9,4.6
db.m4.4xlarge,June 2015,16,72,Xeon E5-2686 v4,64.0,256.0,EBS,0,12.8,19.2,25.6,38.4,12.9,332.9,0.0,0.0,100.0,1432.9,9.2
db.m4.10xlarge,June 2015,40,48,Xeon E5-2676 v3,160.0,256.0,EBS,0,32.0,48.0,64.0,96.0,40.0,332.9,0.0,0.0,100.0,1432.9,34.5
db.m4.16xlarge,September 2016,64,72,Xeon E5-2686 v4,256.0,256.0,EBS,0,51.2,76.8,102.4,153.6,51.6,332.9,0.0,0.0,100.0,1432.9,36.9
db.m3.medium,January 2014,1,32,Xeon E5-2670,3.75,240.0,EBS,0,0.75,1.13,1.5,2.25,1.4,310.7,0.0,0.0,100.0,1410.7,1.3
db.m3.large,January 2014,2,32,Xeon E5-2670,7.5,240.0,EBS,0,1.5,2.25,3.0,4.5,2.9,310.7,0.0,0.0,100.0,1410.7,2.6
db.m3.xlarge,October 2012,4,32,Xeon E5-2670,15.0,240.0,EBS,0,3.0,4.5,6.0,9.0,5.8,310.7,0.0,0.0,100.0,1410.7,5.1
db.m3.2xlarge,October 2012,8,32,Xeon E5-2670,30.0,240.0,EBS,0,6.0,9.0,12.0,18.0,11.5,310.7,0.0,0.0,100.0,1410.7,10.2
db.m1.small,August 2006,1,32,Xeon E5-2650,1.7,120.0,EBS,0,0.34,0.51,0.68,1.02,1.2,144.2,0.0,0.0,100.0,1244.2,1.1
db.m1.medium,March 2012,1,32,Xeon E5-2650,3.75,120.0,EBS,0,0.75,1.13,1.5,2.25,1.2,144.2,0.0,0.0,100.0,1244.2,1.1
db.m1.large,October 2007,2,32,Xeon E5-2650,7.5,120.0,EBS,0,1.5,2.25,3.0,4.5,2.4,144.2,0.0,0.0,100.0,1244.2,2.3
db.m1.xlarge,October 2007,4,32,Xeon E5-2650,15.0,120.0,EBS,0,3.0,4.5,6.0,9.0,4.8,144.2,0.0,0.0,100.0,1244.2,4.5
db.x1e.xlarge,November 2017,4,128,Xeon E7-8880 v3,122.0,3904.0,EBS,0,24.4,36.6,48.8,73.2,3.8,5392.3,0.0,0.0,300.0,6692.3,6.1
db.x1e.2xlarge,November 2017,8,128,Xeon E7-8880 v3,244.0,3904.0,EBS,0,48.8,73.2,97.6,146.4,7.5,5392.3,0.0,0.0,300.0,6692.3,12.1
db.x1e.4xlarge,November 2017,16,128,Xeon E7-8880 v3,488.0,3904.0,EBS,0,97.6,146.4,195.2,292.8,15.0,5392.3,0.0,0.0,300.0,6692.3,24.2
db.x1e.8xlarge,November 2017,32,128,Xeon E7-8880 v3,976.0,3904.0,EBS,0,195.2,292.8,390.4,585.6,30.0,5392.3,0.0,0.0,300.0,6692.3,48.4
db.x1e.16xlarge,November 2017,64,128,Xeon E7-8880 v3,1952.0,3904.0,EBS,0,390.4,585.6,780.8,1171.2,60.0,5392.3,0.0,0.0,300.0,6692.3,96.8
db.x1e.32xlarge,September 2017,128,128,Xeon E7-8880 v3,3904.0,3904.0,EBS,0,780.8,1171.2,1561.6,2342.4,120.0,5392.3,0.0,0.0,300.0,6692.3,193.6
db.x1.32xlarge,May 2016,128,128,Xeon E7-8880 v3,1952.0,1952.0,EBS,0,390.4,585.6,780.8,1171.2,120.0,2685.0,0.0,0.0,300.0,3985.0,115.3
db.x1.16xlarge,October 2016,64,128,Xeon E7-8880 v3,976.0,1952.0,EBS,0,195.2,292.8,390.4,585.6,60.0,2685.0,0.0,0.0,300.0,3985.0,57.7
db.r6g.large,December 2019,2,64,Graviton2,16.0,512.0,EBS,0,3.2,4.8,6.4,9.6,0.9,687.9,0.0,0.0,0.0,1687.9,1.5
db.r6g.xlarge,December 2019,4,64,Graviton2,32.0,512.0,EBS,0,6.4,9.6,12.8,19.2,1.9,687.9,0.0,0.0,0.0,1687.9,3.1
db.r6g.2xlarge,December 2019,8,64,Graviton2,64.0,512.0,EBS,0,12.8,19.2,25.6,38.4,3.8,687.9,0.0,0.0,0.0,1687.9,6.1
db.r6g.4xlarge,December 2019,16,64,Graviton2,128.0,512.0,EBS,0,25.6,38.4,51.2,76.8,7.5,687.9,0.0,0.0,0.0,1687.9,12.2
db.r6g.12xlarge,December 2019,48,64,Graviton2,384.0,512.0,EBS,0,76.8,115.2,153.6,230.4,22.5,687.9,0.0,0.0,0.0,1687.9,36.6
db.r6g.16xlarge,December 2019,64,64,Graviton2,512.0,512.0,EBS,0,102.4,153.6,204.8,307.2,30.0,687.9,0.0,0.0,0.0,1687.9,48.8
db.r4.large,November 2016,2,72,Xeon E5-2686 v4,15.25,488.0,EBS,0,3.05,4.58,6.1,9.15,1.6,654.6,0.0,0.0,100.0,1754.6,1.4
db.r4.xlarge,November 2016,4,72,Xeon E5-2686 v4,30.5,488.0,EBS,0,6.1,9.15,12.2,18.3,3.2,654.6,0.0,0.0,100.0,1754.6,2.8
db.r4.2xlarge,November 2016,8,72,Xeon E5-2686 v4,61.0,488.0,EBS,0,12.2,18.3,24.4,36.6,6.4,654.6,0.0,0.0,100.0,1754.6,5.6
db.r4.4xlarge,November 2016,16,72,Xeon E5-2686 v4,122.0,488.0,EBS,0,24.4,36.6,48.8,73.2,12.9,654.6,0.0,0.0,100.0,1754.6,11.3
db.r4.8xlarge,November 2016,32,72,Xeon E5-2686 v4,244.0,488.0,EBS,0,48.8,73.2,97.6,146.4,25.8,654.6,0.0,0.0,100.0,1754.6,22.6
db.r4.16xlarge,November 2016,64,72,Xeon E5-2686 v4,488.0,488.0,EBS,0,97.6,146.4,195.2,292.8,51.6,654.6,0.0,0.0,100.0,1754.6,45.1
db.r3.large,April 2014,2,40,Xeon E5-2670 v2,15.25,244.0,EBS,0,3.05,4.58,6.1,9.15,2.3,316.2,0.0,0.0,100.0,1416.2,2.0
db.r3.xlarge,April 2014,4,40,Xeon E5-2670 v2,30.5,244.0,EBS,0,6.1,9.15,12.2,18.3,4.6,316.2,0.0,0.0,100.0,1416.2,4.1
db.r3.2xlarge,April 2014,8,40,Xeon E5-2670 v2,61.0,244.0,EBS,0,12.2,18.3,24.4,36.6,9.2,316.2,0.0,0.0,100.0,1416.2,8.2
db.r3.4xlarge,April 2014,16,40,Xeon E5-2670 v2,122.0,244.0,EBS,0,24.4,36.6,48.8,73.2,18.4,316.2,0.0,0.0,100.0,1416.2,16.4
db.r3.8xlarge,April 2014,32,40,Xeon E5-2670 v2,244.0,244.0,EBS,0,48.8,73.2,97.6,146.4,36.8,316.2,0.0,0.0,100.0,1416.2,32.8
db.m2.xlarge,February 2010,2,32,Xeon E5-2665,17.1,280.0,EBS,0,3.42,5.13,6.84,10.26,2.9,366.1,0.0,0.0,100.0,1466.1,2.7
db.m2.2xlarge,October 2009,4,32,Xeon E5-2665,34.2,280.0,EBS,0,6.84,10.26,13.68,20.52,5.8,366.1,0.0,0.0,100.0,1466.1,5.3
db.m2.4xlarge,October 2009,8,32,Xeon E5-2665,68.4,280.0,EBS,0,13.68,20.52,27.36,41.04,11.5,366.1,0.0,0.0,100.0,1466.1,10.6
db.t2.micro,July 2014,1,48,Xeon E5-2676 v3,1.0,288.0,EBS,0,0.2,0.3,0.4,0.6,1.0,377.2,0.0,0.0,100.0,1477.2,0.9
db.t2.small,July 2014,1,48,Xeon E5-2676 v3,2.0,288.0,EBS,0,0.4,0.6,0.8,1.2,1.0,377.2,0.0,0.0,100.0,1477.2,0.9
db.t2.medium,July 2014,2,48,Xeon E5-2676 v3,4.0,288.0,EBS,0,0.8,1.2,1.6,2.4,2.0,377.2,0.0,0.0,100.0,1477.2,1.8
db.t2.large,June 2015,2,48,Xeon E5-2676 v3,8.0,288.0,EBS,0,1.6,2.4,3.2,4.8,2.0,377.2,0.0,0.0,100.0,1477.2,1.8
db.t2.xlarge,November 2016,4,48,Xeon E5-2676 v3,16.0,288.0,EBS,0,3.2,4.8,6.4,9.6,4.0,377.2,0.0,0.0,100.0,1477.2,3.6
db.t2.2xlarge,November 2016,8,48,Xeon E5-2676 v3,32.0,288.0,EBS,0,6.4,9.6,12.8,19.2,8.0,377.2,0.0,0.0,100.0,1477.2,7.1
